1/28/2010;25;Gedo;Ceel Waaq;Ceel Waaq;2.78767;40.99829;Gedo;Belet Xaawo;Belet Xaawo;3.78073999999999;41.89431
1/28/2010;26;Gedo;Ceel Waaq;Ceel Waaq;2.78767;40.99829;Gedo;Belet Xaawo;Belet Xaawo;3.78073999999999;41.89431
1/27/2010;30;Mudug;Gaalkacyo;Gaalkacyo;6.76924;47.43061;Banadir;Hodan;Mogadishu/Hodan;2.04133;45.34406
1/27/2010;35;Mudug;Gaalkacyo;Gaalkacyo;6.76924;47.43061;Banadir;Wadajir;Mogadishu/Wadajir;2.04133;45.34406
1/27/2010;50;Mudug;Gaalkacyo;Gaalkacyo;6.76924;47.43061;Banadir;Kaaraan;Mogadishu/Karaan;2.04133;45.34406
1/27/2010;150;Woqooyi Galbeed;Hargeysa;Hargeysa;9.55975;44.06678;Hiraan;Belet Weyne;Belet Weyne;4.73671;45.2062
1/27/2010;56;Mudug;Gaalkacyo;Gaalkacyo;6.76924;47.43061;Hiraan;Belet Weyne;Belet Weyne;4.73671;45.2062
1/27/2010;34;Mudug;Gaalkacyo;Gaalkacyo;6.76924;47.43061;Hiraan;Belet Weyne;Belet Weyne;4.73671;45.2062
1/27/2010;36;Galgaduud;Dhuusamarreeb;Guri-Ceel;5.30909;45.87931;Hiraan;Belet Weyne;Belet Weyne;4.73671;45.2062
1/27/2010;72;Hiraan;Belet Weyne;Matabaan;5.19938;45.52517;Hiraan;Belet Weyne;Belet Weyne;4.73671;45.2062
1/27/2010;35;Mudug;Gaalkacyo;Gaalkacyo;6.76924;47.43061;Shabelle Hoose;Afgooye;Ceelasha;2.08795;45.20225
1/26/2010;123;Mudug;Gaalkacyo;Gaalkacyo;6.76924;47.43061;Galgaduud;Dhuusamarreeb;Dhuusamarreeb;5.53594;46.38465
1/26/2010;66;Banadir;Hodan;Mogadishu/Hodan;2.04133;45.34406;Banadir;Dayniile;Mogadishu/Daynile;2.04133;45.34406
1/26/2010;78;Banadir;Hodan;Mogadishu/Hodan;2.04133;45.34406;Banadir;Hodan;Mogadishu/Hodan;2.04133;45.34406
1/26/2010;54;Banadir;Hodan;Mogadishu/Hodan;2.04133;45.34406;Banadir;Dayniile;Mogadishu/Daynile;2.04133;45.34406
1/26/2010;90;Banadir;Hodan;Mogadishu/Hodan;2.04133;45.34406;Banadir;Hodan;Mogadishu/Hodan;2.04133;45.34406
1/26/2010;48;Banadir;Hodan;Mogadishu/Hodan;2.04133;45.34406;Banadir;Hodan;Mogadishu/Hodan;2.04133;45.34406
1/26/2010;138;Hiraan;Belet Weyne;Belet Weyne;4.73671;45.2062;Hiraan;Belet Weyne;Belet Weyne;4.73671;45.2062
1/26/2010;112;Hiraan;Belet Weyne;Belet Weyne;4.73671;45.2062;Hiraan;Belet Weyne;Belet Weyne;4.73671;45.2062
1/26/2010;219;Hiraan;Belet Weyne;Belet Weyne;4.73671;45.2062;Hiraan;Belet Weyne;Belet Weyne;4.73671;45.2062
1/26/2010;454;Gedo;Baardheere;Baardheere;2.33966;42.28502;Hiraan;Belet Weyne;Belet Weyne;4.73671;45.2062
1/26/2010;38;Shabelle Hoose;Marka;Marka;1.71567;44.7699;Shabelle Hoose;Marka;Marka;1.71567;44.7699
1/26/2010;107;Banadir;Banadir;Mogadishu;2.04133;45.34406;;;Saudi Arabia (General);18.10659;44.05343
1/25/2010;28;Mudug;Gaalkacyo;Gaalkacyo;6.76924;47.43061;Mudug;Hobyo;Hobyo;5.35021;48.52627
1/25/2010;10;Bari;Bossaso;Bossaso;11.27843;49.18063;Banadir;Banadir;Mogadishu;2.04133;45.34406
1/25/2010;10;Bari;Bossaso;Bossaso;11.27843;49.18063;Banadir;Banadir;Mogadishu;2.04133;45.34406
1/25/2010;39;Mudug;Gaalkacyo;Gaalkacyo;6.76924;47.43061;Banadir;Wardhiigley;Mogadishu/Wardhiigleey;2.04133;45.34406
1/25/2010;45;Mudug;Gaalkacyo;Gaalkacyo;6.76924;47.43061;Banadir;Kaaraan;Mogadishu/Karaan;2.04133;45.34406
1/25/2010;48;;;Ethiopia (General);9.02251;38.74667;Hiraan;Belet Weyne;Belet Weyne;4.73671;45.2062
1/25/2010;60;Mudug;Gaalkacyo;Gaalkacyo;6.76924;47.43061;Hiraan;Belet Weyne;Belet Weyne;4.73671;45.2062
1/25/2010;45;Mudug;Gaalkacyo;Gaalkacyo;6.76924;47.43061;Hiraan;Belet Weyne;Belet Weyne;4.73671;45.2062
1/25/2010;103;Hiraan;Belet Weyne;Belet Weyne;4.73671;45.2062;Hiraan;Belet Weyne;Belet Weyne;4.73671;45.2062
1/25/2010;109;Hiraan;Belet Weyne;Belet Weyne;4.73671;45.2062;Hiraan;Belet Weyne;Belet Weyne;4.73671;45.2062
1/25/2010;54;Shabelle Hoose;Afgooye;Ceelasha;2.08795;45.20225;Shabelle Hoose;Marka;Marka;1.71567;44.7699
1/25/2010;60;Shabelle Hoose;Afgooye;Ceelasha;2.08795;45.20225;Shabelle Hoose;Marka;Marka;1.71567;44.7699
1/25/2010;20;Shabelle Hoose;Marka;Marka;1.71567;44.7699;Shabelle Hoose;Marka;Marka;1.71567;44.7699
1/25/2010;47;Gedo;Ceel Waaq;Ceel Waaq;2.78767;40.99829;Gedo;Belet Xaawo;Belet Xaawo;3.78073999999999;41.89431
1/25/2010;52;Gedo;Ceel Waaq;Ceel Waaq;2.78767;40.99829;Gedo;Belet Xaawo;Belet Xaawo;3.78073999999999;41.89431
1/25/2010;12;Gedo;Ceel Waaq;Ceel Waaq;2.78767;40.99829;Gedo;Belet Xaawo;Belet Xaawo;3.78073999999999;41.89431
1/24/2010;73;Juba Hoose;Afmadow;Dhobley;0.4155;41.00112;Banadir;Banadir;Mogadishu;2.04133;45.34406
1/24/2010;11;Bari;Bossaso;Bossaso;11.27843;49.18063;Hiraan;Belet Weyne;Belet Weyne;4.73671;45.2062
1/24/2010;213;Hiraan;Belet Weyne;Belet Weyne;4.73671;45.2062;Hiraan;Belet Weyne;Belet Weyne;4.73671;45.2062
1/24/2010;163;Hiraan;Belet Weyne;Belet Weyne;4.73671;45.2062;Hiraan;Belet Weyne;Belet Weyne;4.73671;45.2062
1/24/2010;142;Hiraan;Belet Weyne;Belet Weyne;4.73671;45.2062;Hiraan;Belet Weyne;Belet Weyne;4.73671;45.2062
1/24/2010;100;Bakool;Tayeeglow;Tayeeglow;4.0182;44.51275;Hiraan;Belet Weyne;Belet Weyne;4.73671;45.2062
1/24/2010;25;Bakool;Tayeeglow;Tayeeglow;4.0182;44.51275;Hiraan;Belet Weyne;Belet Weyne;4.73671;45.2062
1/24/2010;35;Woqooyi Galbeed;Hargeysa;Hargeysa;9.55975;44.06678;;;Saudi Arabia (General);18.10659;44.05343
1/24/2010;120;Banadir;Banadir;Mogadishu;2.04133;45.34406;;;Saudi Arabia (General);18.10659;44.05343
1/24/2010;110;Banadir;Banadir;Mogadishu;2.04133;45.34406;;;Saudi Arabia (General);18.10659;44.05343
1/24/2010;73;Gedo;Ceel Waaq;Ceel Waaq;2.78767;40.99829;Gedo;Belet Xaawo;Belet Xaawo;3.78073999999999;41.89431
1/24/2010;49;Gedo;Ceel Waaq;Ceel Waaq;2.78767;40.99829;Gedo;Belet Xaawo;Belet Xaawo;3.78073999999999;41.89431
1/24/2010;25;Gedo;Ceel Waaq;Ceel Waaq;2.78767;40.99829;Gedo;Belet Xaawo;Belet Xaawo;3.78073999999999;41.89431
1/23/2010;47;Mudug;Gaalkacyo;Gaalkacyo;6.76924;47.43061;Banadir;Wardhiigley;Mogadishu/Xamar Jaabjab;2.04133;45.34406
1/23/2010;47;Mudug;Gaalkacyo;Gaalkacyo;6.76924;47.43061;Banadir;Wardhiigley;Mogadishu/Xamar Jaabjab;2.04133;45.34406
1/23/2010;34;Mudug;Gaalkacyo;Gaalkacyo;6.76924;47.43061;Hiraan;Belet Weyne;Belet Weyne;4.73671;45.2062
1/23/2010;158;Hiraan;Belet Weyne;Belet Weyne;4.73671;45.2062;Hiraan;Belet Weyne;Belet Weyne;4.73671;45.2062
1/23/2010;258;Hiraan;Belet Weyne;Belet Weyne;4.73671;45.2062;Hiraan;Belet Weyne;Belet Weyne;4.73671;45.2062
1/23/2010;126;Hiraan;Belet Weyne;Belet Weyne;4.73671;45.2062;Hiraan;Belet Weyne;Belet Weyne;4.73671;45.2062
1/23/2010;80;Bakool;Tayeeglow;Tayeeglow;4.0182;44.51275;Hiraan;Belet Weyne;Belet Weyne;4.73671;45.2062
1/23/2010;17;Shabelle Hoose;Kurtunwaarey;Kurtunwaarey;1.61121999999999;44.32962;Shabelle Hoose;Marka;Marka;1.71567;44.7699
1/23/2010;108;Banadir;Banadir;Mogadishu;2.04133;45.34406;;;Saudi Arabia (General);18.10659;44.05343
1/22/2010;61;Shabelle Hoose;Afgooye;Aw Dheegle;1.97458;44.83251;Shabelle Dhexe;Jowhar;Jowhar;2.78059999999999;45.50038
1/22/2010;94;Shabelle Dhexe;Balcad;Warshiikh;2.29188;45.79245;Banadir;Yaaqshiid;Mogadishu/Yaaqshiid;2.04133;45.34406
1/22/2010;138;Hiraan;Belet Weyne;Belet Weyne;4.73671;45.2062;Hiraan;Belet Weyne;Belet Weyne;4.73671;45.2062
1/22/2010;186;Hiraan;Belet Weyne;Belet Weyne;4.73671;45.2062;Hiraan;Belet Weyne;Belet Weyne;4.73671;45.2062
1/22/2010;78;Shabelle Hoose;Afgooye;Ceelasha;2.08795;45.20225;Shabelle Hoose;Marka;Marka;1.71567;44.7699
1/21/2010;28;Mudug;Gaalkacyo;Gaalkacyo;6.76924;47.43061;Banadir;Hawl Wadaag;Mogadishu/Hawl Wadaag;2.04133;45.34406
1/21/2010;30;Mudug;Gaalkacyo;Gaalkacyo;6.76924;47.43061;Hiraan;Belet Weyne;Belet Weyne;4.73671;45.2062
1/21/2010;36;Shabelle Hoose;Afgooye;Ceelasha;2.08795;45.20225;Shabelle Hoose;Marka;Marka;1.71567;44.7699
1/21/2010;24;Shabelle Hoose;Marka;Ceel Waregow;1.80766999999999;44.80143;Shabelle Hoose;Marka;Marka;1.71567;44.7699
1/21/2010;10;;;Djibouti;11.595;43.142;Woqooyi Galbeed;Hargeysa;Hargeysa;9.55975;44.06678
1/20/2010;19;Bakool;Rab Dhuure;Yeed;4.539;43.02339;Nugaal;Garoowe;Garowe;8.4071;48.4827
1/20/2010;60;Bari;Bossaso;Bossaso;11.27843;49.18063;Mudug;Gaalkacyo;Gaalkacyo;6.76924;47.43061
1/20/2010;126;Galgaduud;Dhuusamarreeb;Guri-Ceel;5.30909;45.87931;Galgaduud;Dhuusamarreeb;Dhuusamarreeb;5.53594;46.38465
1/20/2010;96;Banadir;Haliwaa;Mogadishu/Heliwa;2.04133;45.34406;Banadir;Kaaraan;Mogadishu/Karaan;2.04133;45.34406
1/20/2010;108;Banadir;Haliwaa;Mogadishu/Heliwa;2.04133;45.34406;Banadir;Yaaqshiid;Mogadishu/Yaaqshiid;2.04133;45.34406
1/20/2010;126;Banadir;Haliwaa;Mogadishu/Heliwa;2.04133;45.34406;Banadir;Kaaraan;Mogadishu/Karaan;2.04133;45.34406
1/20/2010;78;Banadir;Haliwaa;Mogadishu/Heliwa;2.04133;45.34406;Banadir;Kaaraan;Mogadishu/Karaan;2.04133;45.34406
1/20/2010;78;Banadir;Haliwaa;Mogadishu/Heliwa;2.04133;45.34406;Banadir;Kaaraan;Mogadishu/Karaan;2.04133;45.34406
1/20/2010;114;Banadir;Kaaraan;Mogadishu/Karaan;2.04133;45.34406;Banadir;Shibis;Mogadishu/Shibis;2.04133;45.34406
1/20/2010;108;Banadir;Wadajir;Mogadishu/Wadajir;2.04133;45.34406;Banadir;Kaaraan;Mogadishu/Karaan;2.04133;45.34406
1/20/2010;180;Hiraan;Belet Weyne;Matabaan;5.19938;45.52517;Hiraan;Belet Weyne;Belet Weyne;4.73671;45.2062
1/20/2010;15;Shabelle Hoose;Marka;Ceel Waregow;1.80766999999999;44.80143;Shabelle Hoose;Marka;Marka;1.71567;44.7699
1/20/2010;7;;;Djibouti;11.595;43.142;Woqooyi Galbeed;Hargeysa;Hargeysa;9.55975;44.06678
1/19/2010;60;Bari;Bossaso;Bossaso;11.27843;49.18063;Banadir;Hawl Wadaag;Mogadishu/Hawl Wadaag;2.04133;45.34406
1/19/2010;32;Mudug;Gaalkacyo;Gaalkacyo;6.76924;47.43061;Banadir;Hodan;Mogadishu/Hodan;2.04133;45.34406
1/19/2010;87;Mudug;Gaalkacyo;Gaalkacyo;6.76924;47.43061;Banadir;Yaaqshiid;Mogadishu/Yaaqshiid;2.04133;45.34406
1/19/2010;84;Banadir;Kaaraan;Mogadishu/Karaan;2.04133;45.34406;Banadir;Boondheere;Mogadishu/Boondheere;2.04133;45.34406
1/19/2010;102;Banadir;Kaaraan;Mogadishu/Karaan;2.04133;45.34406;Banadir;Boondheere;Mogadishu/Boondheere;2.04133;45.34406
1/19/2010;72;Shabelle Hoose;Marka;Marka;1.71567;44.7699;Banadir;Wardhiigley;Mogadishu/Wardhiigleey;2.04133;45.34406
1/19/2010;5;;;Ethiopia (General);9.02251;38.74667;Hiraan;Belet Weyne;Belet Weyne;4.73671;45.2062
1/19/2010;198;Hiraan;Belet Weyne;Belet Weyne;4.73671;45.2062;Hiraan;Belet Weyne;Belet Weyne;4.73671;45.2062
1/19/2010;198;Hiraan;Belet Weyne;Belet Weyne;4.73671;45.2062;Hiraan;Belet Weyne;Belet Weyne;4.73671;45.2062
1/19/2010;460;Shabelle Dhexe;Jowhar;Jowhar;2.78059999999999;45.50038;Hiraan;Belet Weyne;Belet Weyne;4.73671;45.2062
1/19/2010;210;Shabelle Dhexe;Jowhar;Jowhar;2.78059999999999;45.50038;Hiraan;Belet Weyne;Belet Weyne;4.73671;45.2062
1/19/2010;613;Shabelle Dhexe;Jowhar;Jowhar;2.78059999999999;45.50038;Hiraan;Belet Weyne;Belet Weyne;4.73671;45.2062
1/19/2010;615;Shabelle Dhexe;Jowhar;Jowhar;2.78059999999999;45.50038;Hiraan;Belet Weyne;Belet Weyne;4.73671;45.2062
1/19/2010;577;Shabelle Dhexe;Jowhar;Jowhar;2.78059999999999;45.50038;Hiraan;Belet Weyne;Belet Weyne;4.73671;45.2062
1/19/2010;827;Shabelle Dhexe;Jowhar;Jowhar;2.78059999999999;45.50038;Hiraan;Belet Weyne;Belet Weyne;4.73671;45.2062
1/19/2010;1004;Shabelle Dhexe;Jowhar;Jowhar;2.78059999999999;45.50038;Hiraan;Belet Weyne;Belet Weyne;4.73671;45.2062
1/19/2010;960;Shabelle Dhexe;Jowhar;Jowhar;2.78059999999999;45.50038;Hiraan;Belet Weyne;Belet Weyne;4.73671;45.2062
1/19/2010;1034;Shabelle Dhexe;Jowhar;Jowhar;2.78059999999999;45.50038;Hiraan;Belet Weyne;Belet Weyne;4.73671;45.2062
1/19/2010;1335;Shabelle Dhexe;Jowhar;Jowhar;2.78059999999999;45.50038;Hiraan;Belet Weyne;Belet Weyne;4.73671;45.2062
1/19/2010;87;Bay;Baydhaba;Baidoa;3.11718;43.6469;Shabelle Hoose;Afgooye;Ceelasha;2.08795;45.20225
1/19/2010;168;Shabelle Hoose;Afgooye;Ceelasha;2.08795;45.20225;Shabelle Hoose;Marka;Marka;1.71567;44.7699
1/19/2010;41;Shabelle Hoose;Marka;Buulo Mareer;1.63335;44.52252;Shabelle Hoose;Marka;Marka;1.71567;44.7699
1/19/2010;35;Sool;Laas Caanood;Laas Caanood;8.47645;47.35613;;;Ethiopia (General);9.02251;38.74667
1/18/2010;32;Bakool;Tayeeglow;Tayeeglow;4.0182;44.51275;Nugaal;Garoowe;Garowe;8.4071;48.4827
1/18/2010;26;Bakool;Xudur;Xudur;4.12303;43.89012;Mudug;Gaalkacyo;Gaalkacyo;6.76924;47.43061
1/18/2010;350;Bay;Baydhaba;Baidoa;3.11718;43.6469;Banadir;Banadir;Mogadishu;2.04133;45.34406
1/18/2010;20;Shabelle Dhexe;Balcad;Balcad;2.35991;45.38705;Banadir;Yaaqshiid;Mogadishu/Yaaqshiid;2.04133;45.34406
1/18/2010;34;Shabelle Hoose;Afgooye;Ceelasha;2.08795;45.20225;Banadir;Banadir;Mogadishu;2.04133;45.34406
1/18/2010;176;Hiraan;Belet Weyne;Belet Weyne;4.73671;45.2062;Hiraan;Belet Weyne;Belet Weyne;4.73671;45.2062
1/18/2010;119;Hiraan;Belet Weyne;Belet Weyne;4.73671;45.2062;Hiraan;Belet Weyne;Belet Weyne;4.73671;45.2062
1/18/2010;152;Hiraan;Belet Weyne;Belet Weyne;4.73671;45.2062;Hiraan;Belet Weyne;Belet Weyne;4.73671;45.2062
1/18/2010;187;Hiraan;Belet Weyne;Belet Weyne;4.73671;45.2062;Hiraan;Belet Weyne;Belet Weyne;4.73671;45.2062
1/18/2010;121;Hiraan;Belet Weyne;Belet Weyne;4.73671;45.2062;Hiraan;Belet Weyne;Belet Weyne;4.73671;45.2062
1/18/2010;36;Shabelle Hoose;Kurtunwaarey;Kurtunwaarey;1.61121999999999;44.32962;Shabelle Hoose;Wanla Weyn;Yaaq Biri Weyne;2.62947;44.69768
1/18/2010;;;;Djibouti;11.595;43.142;Woqooyi Galbeed;Hargeysa;Hargeysa;9.55975;44.06678
1/18/2010;26;Gedo;Baardheere;Baardheere;2.33966;42.28502;Bay;Baydhaba;Baidoa;3.11718;43.6469
1/18/2010;53;Gedo;Baardheere;Baardheere;2.33966;42.28502;Bay;Baydhaba;Baidoa;3.11718;43.6469
1/18/2010;11;Bari;Bossaso;Bossaso;11.27843;49.18063;;;Jijiga;9.33333;42.81667
1/18/2010;78;Gedo;Ceel Waaq;Ceel Waaq;2.78767;40.99829;Gedo;Belet Xaawo;Belet Xaawo;3.78073999999999;41.89431
1/18/2010;49;Gedo;Ceel Waaq;Ceel Waaq;2.78767;40.99829;Gedo;Belet Xaawo;Belet Xaawo;3.78073999999999;41.89431
1/18/2010;54;Gedo;Ceel Waaq;Ceel Waaq;2.78767;40.99829;Gedo;Belet Xaawo;Belet Xaawo;3.78073999999999;41.89431
1/18/2010;24;Gedo;Ceel Waaq;Ceel Waaq;2.78767;40.99829;Gedo;Belet Xaawo;Belet Xaawo;3.78073999999999;41.89431
1/18/2010;6;Togdheer;Burco;Burco;9.52487;45.53734;;;Oromiya;10.77198;39.93359
1/18/2010;6;Togdheer;Burco;Burco;9.52487;45.53734;;;Oromiya;10.77198;39.93359
1/18/2010;60;Sool;Laas Caanood;Laas Caanood;8.47645;47.35613;;;Ethiopia (General);9.02251;38.74667
1/17/2010;48;Galgaduud;Dhuusamarreeb;Guri-Ceel;5.30909;45.87931;Galgaduud;Dhuusamarreeb;Dhuusamarreeb;5.53594;46.38465
1/17/2010;20;Sool;Laas Caanood;Laas Caanood;8.47645;47.35613;Togdheer;Burco;Burco;9.52487;45.53734
1/17/2010;48;Mudug;Gaalkacyo;Gaalkacyo;6.76924;47.43061;Banadir;Hawl Wadaag;Mogadishu/Hawl Wadaag;2.04133;45.34406
1/17/2010;150;Bay;Baydhaba;Baidoa;3.11718;43.6469;Banadir;Banadir;Mogadishu;2.04133;45.34406
1/17/2010;138;Shabelle Dhexe;Jowhar;Jowhar;2.78059999999999;45.50038;Banadir;Kaaraan;Mogadishu/Karaan;2.04133;45.34406
1/17/2010;96;Banadir;Kaaraan;Mogadishu/Karaan;2.04133;45.34406;Banadir;Kaaraan;Mogadishu/Karaan;2.04133;45.34406
1/17/2010;509;Shabelle Hoose;Wanla Weyn;Gobanle;3.12222;44.76507;Hiraan;Belet Weyne;Belet Weyne;4.73671;45.2062
1/17/2010;90;Shabelle Dhexe;Jowhar;Jowhar;2.78059999999999;45.50038;Hiraan;Belet Weyne;Belet Weyne;4.73671;45.2062
1/17/2010;1816;Shabelle Dhexe;Jowhar;Jowhar;2.78059999999999;45.50038;Hiraan;Belet Weyne;Belet Weyne;4.73671;45.2062
1/17/2010;115;Mudug;Gaalkacyo;Gaalkacyo;6.76924;47.43061;Shabelle Hoose;Afgooye;Ceelasha;2.08795;45.20225
1/17/2010;24;Shabelle Hoose;Marka;Marka;1.71567;44.7699;Shabelle Hoose;Marka;Marka;1.71567;44.7699
1/17/2010;10;Togdheer;Burco;Burco;9.52487;45.53734;;;Oromiya;10.77198;39.93359
1/16/2010;26;Mudug;Gaalkacyo;Gaalkacyo;6.76924;47.43061;Banadir;Wardhiigley;Mogadishu/Xamar Jaabjab;2.04133;45.34406
1/16/2010;64;Shabelle Hoose;Afgooye;Ceelasha;2.08795;45.20225;Banadir;Banadir;Mogadishu;2.04133;45.34406
1/16/2010;90;Banadir;Haliwaa;Mogadishu/Heliwa;2.04133;45.34406;Banadir;Cabdulcasiis;Mogadishu/Cabdulcasiis;2.04133;45.34406
1/16/2010;102;Banadir;Haliwaa;Mogadishu/Heliwa;2.04133;45.34406;Banadir;Cabdulcasiis;Mogadishu/Cabdulcasiis;2.04133;45.34406
1/16/2010;78;Banadir;Haliwaa;Mogadishu/Heliwa;2.04133;45.34406;Banadir;Kaaraan;Mogadishu/Karaan;2.04133;45.34406
1/16/2010;102;Banadir;Haliwaa;Mogadishu/Heliwa;2.04133;45.34406;Banadir;Kaaraan;Mogadishu/Karaan;2.04133;45.34406
1/16/2010;66;Banadir;Haliwaa;Mogadishu/Heliwa;2.04133;45.34406;Banadir;Cabdulcasiis;Mogadishu/Cabdulcasiis;2.04133;45.34406
1/16/2010;48;Mudug;Gaalkacyo;Gaalkacyo;6.76924;47.43061;Hiraan;Belet Weyne;Belet Weyne;4.73671;45.2062
1/16/2010;128;Hiraan;Belet Weyne;Farlibaax;4.87458;44.86873;Hiraan;Belet Weyne;Belet Weyne;4.73671;45.2062
1/16/2010;168;Hiraan;Belet Weyne;Belet Weyne;4.73671;45.2062;Hiraan;Belet Weyne;Belet Weyne;4.73671;45.2062
1/16/2010;247;Hiraan;Belet Weyne;Belet Weyne;4.73671;45.2062;Hiraan;Belet Weyne;Belet Weyne;4.73671;45.2062
1/16/2010;190;Hiraan;Belet Weyne;Belet Weyne;4.73671;45.2062;Hiraan;Belet Weyne;Belet Weyne;4.73671;45.2062
1/16/2010;219;Hiraan;Belet Weyne;Belet Weyne;4.73671;45.2062;Hiraan;Belet Weyne;Belet Weyne;4.73671;45.2062
1/16/2010;108;Hiraan;Belet Weyne;Belet Weyne;4.73671;45.2062;Hiraan;Belet Weyne;Belet Weyne;4.73671;45.2062
1/16/2010;106;Hiraan;Belet Weyne;Belet Weyne;4.73671;45.2062;Hiraan;Belet Weyne;Belet Weyne;4.73671;45.2062
1/16/2010;103;Hiraan;Belet Weyne;Quracley;4.70632;45.21082;Hiraan;Belet Weyne;Belet Weyne;4.73671;45.2062
1/16/2010;204;Hiraan;Belet Weyne;Nuur Fanax;4.41453;45.39233;Hiraan;Belet Weyne;Belet Weyne;4.73671;45.2062
1/16/2010;168;Hiraan;Bulo Burto;Jameeco Shiin;3.71107;45.65448;Hiraan;Belet Weyne;Belet Weyne;4.73671;45.2062
1/16/2010;182;Hiraan;Jalalaqsi;Cariishley;3.45978;45.62163;Hiraan;Belet Weyne;Belet Weyne;4.73671;45.2062
1/16/2010;;Hiraan;Jalalaqsi;Jalalaqsi;3.37951;45.59941;Hiraan;Belet Weyne;Belet Weyne;4.73671;45.2062
1/15/2010;36;Nugaal;Garoowe;Garowe;8.4071;48.4827;Mudug;Gaalkacyo;Gaalkacyo;6.76924;47.43061
1/15/2010;68;Shabelle Dhexe;Balcad;Warshiikh;2.29188;45.79245;Banadir;Kaaraan;Mogadishu/Karaan;2.04133;45.34406
1/15/2010;700;Juba Hoose;Afmadow;Dhobley;0.4155;41.00112;Banadir;Banadir;Mogadishu;2.04133;45.34406
1/15/2010;253;Hiraan;Belet Weyne;Belet Weyne;4.73671;45.2062;Hiraan;Belet Weyne;Belet Weyne;4.73671;45.2062
1/15/2010;241;Hiraan;Belet Weyne;Belet Weyne;4.73671;45.2062;Hiraan;Belet Weyne;Belet Weyne;4.73671;45.2062
1/15/2010;223;Hiraan;Belet Weyne;Belet Weyne;4.73671;45.2062;Hiraan;Belet Weyne;Belet Weyne;4.73671;45.2062
1/15/2010;292;Hiraan;Belet Weyne;Ceel Cali;4.19493;44.98722;Hiraan;Belet Weyne;Belet Weyne;4.73671;45.2062
1/15/2010;170;Hiraan;Bulo Burto;Buqda;4.05775;45.25295;Hiraan;Belet Weyne;Belet Weyne;4.73671;45.2062
1/15/2010;153;Hiraan;Bulo Burto;Buqcagable;4.05599;45.46564;Hiraan;Belet Weyne;Belet Weyne;4.73671;45.2062
1/15/2010;137;Bay;Baydhaba;Baidoa;3.11718;43.6469;Hiraan;Belet Weyne;Belet Weyne;4.73671;45.2062
1/15/2010;20;Nugaal;Garoowe;Garowe;8.4071;48.4827;Shabelle Hoose;Afgooye;Afgooye;2.14158;45.1187
1/15/2010;9;Nugaal;Garoowe;Garowe;8.4071;48.4827;;;Jijiga;9.33333;42.81667
1/15/2010;3;Togdheer;Burco;Burco;9.52487;45.53734;;;Ethiopia (General);9.02251;38.74667
1/14/2010;360;Galgaduud;Cadaado;Cadaado;6.13812;46.62551;Galgaduud;Dhuusamarreeb;Dhuusamarreeb;5.53594;46.38465
1/14/2010;138;Galgaduud;Dhuusamarreeb;Guri-Ceel;5.30909;45.87931;Galgaduud;Dhuusamarreeb;Dhuusamarreeb;5.53594;46.38465
1/14/2010;550;Shabelle Dhexe;Jowhar;Jowhar;2.78059999999999;45.50038;Banadir;Yaaqshiid;Mogadishu/Yaaqshiid;2.04133;45.34406
1/14/2010;320;Shabelle Dhexe;Jowhar;Jowhar;2.78059999999999;45.50038;Banadir;Kaaraan;Mogadishu/Karaan;2.04133;45.34406
1/14/2010;291;Shabelle Dhexe;Balcad;Caliyaalo;2.17934;45.39882;Banadir;Kaaraan;Mogadishu/Karaan;2.04133;45.34406
1/14/2010;374;Shabelle Hoose;Afgooye;Xaawo-Cabdi;2.09048;45.17662;Banadir;Yaaqshiid;Mogadishu/Yaaqshiid;2.04133;45.34406
1/14/2010;523;Juba Hoose;Afmadow;Dhobley;0.4155;41.00112;Banadir;Banadir;Mogadishu;2.04133;45.34406
1/14/2010;105;Mudug;Gaalkacyo;Gaalkacyo;6.76924;47.43061;Hiraan;Belet Weyne;Belet Weyne;4.73671;45.2062
1/14/2010;105;Galgaduud;Dhuusamarreeb;Guri-Ceel;5.30909;45.87931;Hiraan;Belet Weyne;Belet Weyne;4.73671;45.2062
1/14/2010;144;Hiraan;Belet Weyne;Matabaan;5.19938;45.52517;Hiraan;Belet Weyne;Belet Weyne;4.73671;45.2062
1/14/2010;108;Hiraan;Belet Weyne;Matabaan;5.19938;45.52517;Hiraan;Belet Weyne;Belet Weyne;4.73671;45.2062
1/14/2010;160;Hiraan;Belet Weyne;Kabhanleey;4.89348;45.09433;Hiraan;Belet Weyne;Belet Weyne;4.73671;45.2062
1/14/2010;190;Hiraan;Belet Weyne;Belet Weyne;4.73671;45.2062;Hiraan;Belet Weyne;Belet Weyne;4.73671;45.2062
1/14/2010;140;Hiraan;Belet Weyne;Belet Weyne;4.73671;45.2062;Hiraan;Belet Weyne;Belet Weyne;4.73671;45.2062
1/14/2010;204;Hiraan;Belet Weyne;Belet Weyne;4.73671;45.2062;Hiraan;Belet Weyne;Belet Weyne;4.73671;45.2062
1/14/2010;180;Hiraan;Belet Weyne;Belet Weyne;4.73671;45.2062;Hiraan;Belet Weyne;Belet Weyne;4.73671;45.2062
1/14/2010;110;Hiraan;Belet Weyne;Belet Weyne;4.73671;45.2062;Hiraan;Belet Weyne;Belet Weyne;4.73671;45.2062
1/14/2010;110;Hiraan;Belet Weyne;Belet Weyne;4.73671;45.2062;Hiraan;Belet Weyne;Belet Weyne;4.73671;45.2062
1/14/2010;108;Hiraan;Belet Weyne;Belet Weyne;4.73671;45.2062;Hiraan;Belet Weyne;Belet Weyne;4.73671;45.2062
1/14/2010;108;Hiraan;Belet Weyne;Belet Weyne;4.73671;45.2062;Hiraan;Belet Weyne;Belet Weyne;4.73671;45.2062
1/14/2010;275;Hiraan;Belet Weyne;Belet Weyne;4.73671;45.2062;Hiraan;Belet Weyne;Belet Weyne;4.73671;45.2062
1/14/2010;210;Hiraan;Belet Weyne;Belet Weyne;4.73671;45.2062;Hiraan;Belet Weyne;Belet Weyne;4.73671;45.2062
1/14/2010;210;Hiraan;Belet Weyne;Belet Weyne;4.73671;45.2062;Hiraan;Belet Weyne;Belet Weyne;4.73671;45.2062
1/14/2010;210;Hiraan;Belet Weyne;Shabellow;4.71542;45.21618;Hiraan;Belet Weyne;Belet Weyne;4.73671;45.2062
1/14/2010;275;Hiraan;Belet Weyne;Caloola Cad;4.6609;45.21265;Hiraan;Belet Weyne;Belet Weyne;4.73671;45.2062
1/14/2010;260;Hiraan;Belet Weyne;Camalow;4.60498;45.25235;Hiraan;Belet Weyne;Belet Weyne;4.73671;45.2062
1/14/2010;210;Hiraan;Belet Weyne;Luuq Jeelow;4.55584999999999;45.25457;Hiraan;Belet Weyne;Belet Weyne;4.73671;45.2062
1/14/2010;160;Hiraan;Bulo Burto;Samataro;4.33085;45.37312;Hiraan;Belet Weyne;Belet Weyne;4.73671;45.2062
1/14/2010;287;Hiraan;Bulo Burto;Halgan;4.21173;45.56245;Hiraan;Belet Weyne;Belet Weyne;4.73671;45.2062
1/14/2010;177;Shabelle Dhexe;Jowhar;Jowhar;2.78059999999999;45.50038;Hiraan;Belet Weyne;Belet Weyne;4.73671;45.2062
1/14/2010;250;Shabelle Dhexe;Jowhar;Jowhar;2.78059999999999;45.50038;Hiraan;Belet Weyne;Belet Weyne;4.73671;45.2062
1/14/2010;8;Togdheer;Burco;Burco;9.52487;45.53734;;;Ethiopia (General);9.02251;38.74667
1/13/2010;1090;Galgaduud;Ceel Buur;Ceel Buur;4.68153;46.62342;Galgaduud;Dhuusamarreeb;Ceelgaras;4.99009;46.54258
1/13/2010;983;Galgaduud;Ceel Buur;Ceel Buur;4.68153;46.62342;Galgaduud;Dhuusamarreeb;Ceelgaras;4.99009;46.54258
1/13/2010;150;Galgaduud;Ceel Buur;Ceel Buur;4.68153;46.62342;Galgaduud;Dhuusamarreeb;Ceelgaras;4.99009;46.54258
1/13/2010;50;Mudug;Gaalkacyo;Gaalkacyo;6.76924;47.43061;Galgaduud;Dhuusamarreeb;Dhuusamarreeb;5.53594;46.38465
1/13/2010;60;Galgaduud;Ceel Buur;Ceel Buur;4.68153;46.62342;Galgaduud;Ceel Buur;Wabxo;4.5135;46.28407
1/13/2010;650;Bay;Baydhaba;Baidoa;3.11718;43.6469;Banadir;Banadir;Mogadishu;2.04133;45.34406
1/13/2010;74;Banadir;Shangaani;Mogadishu/Shangaani;2.04133;45.34406;Banadir;Cabdulcasiis;Mogadishu/Cabdulcasiis;2.04133;45.34406
1/13/2010;783;Banadir;Wadajir;Mogadishu/Wadajir;2.04133;45.34406;Banadir;Wadajir;Mogadishu/Wadajir;2.04133;45.34406
1/13/2010;70;Mudug;Gaalkacyo;Gaalkacyo;6.76924;47.43061;Hiraan;Belet Weyne;Belet Weyne;4.73671;45.2062
1/13/2010;42;Galgaduud;Cabudwaaq;Balanbal;5.68895;45.96932;Hiraan;Belet Weyne;Belet Weyne;4.73671;45.2062
1/13/2010;70;Bakool;Tayeeglow;Tayeeglow;4.0182;44.51275;Hiraan;Belet Weyne;Belet Weyne;4.73671;45.2062
1/13/2010;150;Shabelle Dhexe;Jowhar;Buulo Shiiqaalow;2.79526;45.55077;Hiraan;Belet Weyne;Belet Weyne;4.73671;45.2062
1/13/2010;470;Shabelle Dhexe;Jowhar;Buulo Shiiqaalow;2.79526;45.55077;Hiraan;Belet Weyne;Belet Weyne;4.73671;45.2062
1/13/2010;382;Shabelle Dhexe;Jowhar;Jowhar;2.78059999999999;45.50038;Hiraan;Belet Weyne;Belet Weyne;4.73671;45.2062
1/13/2010;470;Shabelle Dhexe;Jowhar;Jowhar;2.78059999999999;45.50038;Hiraan;Belet Weyne;Belet Weyne;4.73671;45.2062
1/13/2010;93;Mudug;Gaalkacyo;Gaalkacyo;6.76924;47.43061;Shabelle Hoose;Afgooye;Ceelasha;2.08795;45.20225
1/13/2010;11;Togdheer;Burco;Burco;9.52487;45.53734;;;Harar;9.3;42.13333
1/13/2010;25;Gedo;Ceel Waaq;Ceel Waaq;2.78767;40.99829;Gedo;Belet Xaawo;Belet Xaawo;3.78073999999999;41.89431
1/13/2010;25;Gedo;Ceel Waaq;Ceel Waaq;2.78767;40.99829;Gedo;Belet Xaawo;Belet Xaawo;3.78073999999999;41.89431
1/13/2010;26;Gedo;Ceel Waaq;Ceel Waaq;2.78767;40.99829;Gedo;Belet Xaawo;Belet Xaawo;3.78073999999999;41.89431
1/12/2010;103;Bay;Baydhaba;Baidoa;3.11718;43.6469;Mudug;Gaalkacyo;Gaalkacyo;6.76924;47.43061
1/12/2010;105;Gedo;Belet Xaawo;Belet Xaawo;3.78073999999999;41.89431;Galgaduud;Dhuusamarreeb;Dhuusamarreeb;5.53594;46.38465
1/12/2010;105;Gedo;Belet Xaawo;Belet Xaawo;3.78073999999999;41.89431;Galgaduud;Dhuusamarreeb;Dhuusamarreeb;5.53594;46.38465
1/12/2010;122;Mudug;Gaalkacyo;Gaalkacyo;6.76924;47.43061;Banadir;Wadajir;Mogadishu/Wadajir;2.04133;45.34406
1/12/2010;163;Shabelle Dhexe;Balcad;Warshiikh;2.29188;45.79245;Banadir;Yaaqshiid;Mogadishu/Yaaqshiid;2.04133;45.34406
1/12/2010;9;;;Djibouti;11.595;43.142;Woqooyi Galbeed;Hargeysa;Hargeysa;9.55975;44.06678
1/12/2010;13;Togdheer;Burco;Burco;9.52487;45.53734;;;Ethiopia (General);9.02251;38.74667
1/11/2010;500;Galgaduud;Dhuusamarreeb;Ceelgaras;4.99009;46.54258;Galgaduud;Dhuusamarreeb;Ceelgaras;4.99009;46.54258
1/11/2010;350;Galgaduud;Ceel Buur;Ceel Buur;4.68153;46.62342;Galgaduud;Dhuusamarreeb;Ceelgaras;4.99009;46.54258
1/11/2010;36;Galgaduud;Cabudwaaq;Cabudwaaq;6.22159;46.37659;Galgaduud;Dhuusamarreeb;Mareer Guur;5.75047;46.51312
1/11/2010;36;Mudug;Gaalkacyo;Gaalkacyo;6.76924;47.43061;Banadir;Hodan;Mogadishu/Hodan;2.04133;45.34406
1/11/2010;350;Shabelle Hoose;Qoryooley;Buulo Sheekh;1.75351;44.55953;Banadir;Yaaqshiid;Mogadishu/Yaaqshiid;2.04133;45.34406
1/11/2010;210;Hiraan;Bulo Burto;Booco;4.33015;45.39258;Hiraan;Belet Weyne;Belet Weyne;4.73671;45.2062
1/11/2010;405;Hiraan;Bulo Burto;Booco;4.33015;45.39258;Hiraan;Belet Weyne;Belet Weyne;4.73671;45.2062
1/11/2010;355;Hiraan;Bulo Burto;Booco;4.33015;45.39258;Hiraan;Belet Weyne;Belet Weyne;4.73671;45.2062
1/11/2010;215;Hiraan;Bulo Burto;Booco;4.33015;45.39258;Hiraan;Belet Weyne;Belet Weyne;4.73671;45.2062
1/11/2010;130;Hiraan;Bulo Burto;Booco;4.33015;45.39258;Hiraan;Belet Weyne;Belet Weyne;4.73671;45.2062
1/11/2010;80;Gedo;Baardheere;Baardheere;2.33966;42.28502;Bay;Baydhaba;Baidoa;3.11718;43.6469
1/11/2010;25;Gedo;Baardheere;Baardheere;2.33966;42.28502;Bay;Baydhaba;Baidoa;3.11718;43.6469
1/11/2010;27;Gedo;Baardheere;Baardheere;2.33966;42.28502;Bay;Baydhaba;Baidoa;3.11718;43.6469
1/11/2010;15;North Eastern;;;;;Gedo;Baardheere;Baardheere;2.33966;42.28502
1/11/2010;24;Gedo;Ceel Waaq;Ceel Waaq;2.78767;40.99829;Gedo;Belet Xaawo;Belet Xaawo;3.78073999999999;41.89431
1/11/2010;28;Gedo;Ceel Waaq;Ceel Waaq;2.78767;40.99829;Gedo;Belet Xaawo;Belet Xaawo;3.78073999999999;41.89431
1/11/2010;34;Gedo;Ceel Waaq;Ceel Waaq;2.78767;40.99829;Gedo;Belet Xaawo;Belet Xaawo;3.78073999999999;41.89431
1/11/2010;25;Gedo;Ceel Waaq;Ceel Waaq;2.78767;40.99829;Gedo;Belet Xaawo;Belet Xaawo;3.78073999999999;41.89431
1/11/2010;26;Gedo;Ceel Waaq;Ceel Waaq;2.78767;40.99829;Gedo;Belet Xaawo;Belet Xaawo;3.78073999999999;41.89431
1/11/2010;27;Gedo;Ceel Waaq;Ceel Waaq;2.78767;40.99829;Gedo;Belet Xaawo;Belet Xaawo;3.78073999999999;41.89431
1/11/2010;26;Gedo;Ceel Waaq;Ceel Waaq;2.78767;40.99829;Gedo;Belet Xaawo;Belet Xaawo;3.78073999999999;41.89431
1/10/2010;9;Nugaal;Garoowe;Garowe;8.4071;48.4827;Mudug;Gaalkacyo;Gaalkacyo;6.76924;47.43061
1/10/2010;218;Gedo;Belet Xaawo;Belet Xaawo;3.78073999999999;41.89431;Galgaduud;Dhuusamarreeb;Dhuusamarreeb;5.53594;46.38465
1/10/2010;47;Woqooyi Galbeed;Hargeysa;Hargeysa;9.55975;44.06678;Togdheer;Burco;Burco;9.52487;45.53734
1/10/2010;47;Woqooyi Galbeed;Hargeysa;Hargeysa;9.55975;44.06678;Togdheer;Burco;Burco;9.52487;45.53734
1/10/2010;18;Mudug;Gaalkacyo;Gaalkacyo;6.76924;47.43061;Banadir;Yaaqshiid;Mogadishu/Yaaqshiid;2.04133;45.34406
1/10/2010;124;Shabelle Dhexe;Balcad;Balcad;2.35991;45.38705;Banadir;Yaaqshiid;Mogadishu/Yaaqshiid;2.04133;45.34406
1/10/2010;185;Shabelle Dhexe;Balcad;Caliyaalo;2.17934;45.39882;Banadir;Yaaqshiid;Mogadishu/Yaaqshiid;2.04133;45.34406
1/10/2010;158;Shabelle Hoose;Afgooye;Lafoole;2.09955;45.16352;Banadir;Dayniile;Mogadishu/Daynile;2.04133;45.34406
1/10/2010;159;Shabelle Hoose;Afgooye;Xaawo-Cabdi;2.09048;45.17662;Banadir;Dayniile;Mogadishu/Daynile;2.04133;45.34406
1/10/2010;62;Banadir;Dharkenley;Mogadishu/Dharkenley;2.04133;45.34406;Banadir;Dharkenley;Mogadishu/Dharkenley;2.04133;45.34406
1/10/2010;280;Hiraan;Belet Weyne;Camalow;4.60498;45.25235;Hiraan;Belet Weyne;Belet Weyne;4.73671;45.2062
1/10/2010;380;Hiraan;Belet Weyne;Camalow;4.60498;45.25235;Hiraan;Belet Weyne;Belet Weyne;4.73671;45.2062
1/10/2010;180;Hiraan;Belet Weyne;Camalow;4.60498;45.25235;Hiraan;Belet Weyne;Belet Weyne;4.73671;45.2062
1/10/2010;160;Hiraan;Belet Weyne;Camalow;4.60498;45.25235;Hiraan;Belet Weyne;Belet Weyne;4.73671;45.2062
1/10/2010;18;Sanaag;Ceerigaabo;Ceerigaabo;10.62035;47.36847;Woqooyi Galbeed;Hargeysa;Hargeysa;9.55975;44.06678
1/10/2010;18;Sanaag;Ceerigaabo;Ceerigaabo;10.62035;47.36847;Woqooyi Galbeed;Hargeysa;Hargeysa;9.55975;44.06678
1/10/2010;11;Woqooyi Galbeed;Berbera;Berbera;10.43872;45.0114;Woqooyi Galbeed;Hargeysa;Hargeysa;9.55975;44.06678
1/10/2010;11;Woqooyi Galbeed;Berbera;Berbera;10.43872;45.0114;Woqooyi Galbeed;Hargeysa;Hargeysa;9.55975;44.06678
1/10/2010;23;Gedo;Baardheere;Baardheere;2.33966;42.28502;Bay;Baydhaba;Baidoa;3.11718;43.6469
1/10/2010;23;Gedo;Baardheere;Baardheere;2.33966;42.28502;Bay;Baydhaba;Baidoa;3.11718;43.6469
1/10/2010;24;Gedo;Baardheere;Baardheere;2.33966;42.28502;Bay;Baydhaba;Baidoa;3.11718;43.6469
1/10/2010;26;Gedo;Ceel Waaq;Ceel Waaq;2.78767;40.99829;Gedo;Belet Xaawo;Belet Xaawo;3.78073999999999;41.89431
1/9/2010;1018;Galgaduud;Dhuusamarreeb;Ceelgaras;4.99009;46.54258;Galgaduud;Dhuusamarreeb;Ceelgaras;4.99009;46.54258
1/9/2010;45;Mudug;Gaalkacyo;Gaalkacyo;6.76924;47.43061;Banadir;Wardhiigley;Mogadishu/Wardhiigleey;2.04133;45.34406
1/9/2010;50;Mudug;Gaalkacyo;Gaalkacyo;6.76924;47.43061;Banadir;Wardhiigley;Mogadishu/Wardhiigleey;2.04133;45.34406
1/9/2010;40;Mudug;Gaalkacyo;Gaalkacyo;6.76924;47.43061;Banadir;Wardhiigley;Mogadishu/Wardhiigleey;2.04133;45.34406
1/9/2010;480;Shabelle Dhexe;Jowhar;Jowhar;2.78059999999999;45.50038;Banadir;Yaaqshiid;Mogadishu/Yaaqshiid;2.04133;45.34406
1/9/2010;89;Shabelle Dhexe;Balcad;Warshiikh;2.29188;45.79245;Banadir;Yaaqshiid;Mogadishu/Yaaqshiid;2.04133;45.34406
1/8/2010;840;Galgaduud;Dhuusamarreeb;Godin Labe;5.877;46.63278;Galgaduud;Dhuusamarreeb;Dhuusamarreeb;5.53594;46.38465
1/8/2010;14;;;Djibouti;11.595;43.142;Banadir;Wardhiigley;Mogadishu/Wardhiigleey;2.04133;45.34406
1/8/2010;180;Shabelle Dhexe;Balcad;Balcad;2.35991;45.38705;Banadir;Yaaqshiid;Mogadishu/Yaaqshiid;2.04133;45.34406
1/8/2010;106;Shabelle Dhexe;Balcad;Balcad;2.35991;45.38705;Banadir;Kaaraan;Mogadishu/Karaan;2.04133;45.34406
1/8/2010;789;Shabelle Hoose;Afgooye;Ceelasha;2.08795;45.20225;Banadir;Kaaraan;Mogadishu/Karaan;2.04133;45.34406
1/8/2010;56;Banadir;Wadajir;Mogadishu/Wadajir;2.04133;45.34406;Banadir;Yaaqshiid;Mogadishu/Yaaqshiid;2.04133;45.34406
1/8/2010;213;Banadir;Haliwaa;Mogadishu/Heliwa;2.04133;45.34406;Banadir;Yaaqshiid;Mogadishu/Yaaqshiid;2.04133;45.34406
1/8/2010;164;Banadir;Kaaraan;Mogadishu/Karaan;2.04133;45.34406;Banadir;Yaaqshiid;Mogadishu/Yaaqshiid;2.04133;45.34406
1/8/2010;153;Banadir;Wadajir;Mogadishu/Wadajir;2.04133;45.34406;Banadir;Yaaqshiid;Mogadishu/Yaaqshiid;2.04133;45.34406
1/8/2010;97;Banadir;Shangaani;Mogadishu/Shangaani;2.04133;45.34406;Banadir;Kaaraan;Mogadishu/Karaan;2.04133;45.34406
1/8/2010;97;Banadir;Shangaani;Mogadishu/Shangaani;2.04133;45.34406;Banadir;Kaaraan;Mogadishu/Karaan;2.04133;45.34406
1/7/2010;33;Nugaal;Garoowe;Garowe;8.4071;48.4827;Mudug;Gaalkacyo;Gaalkacyo;6.76924;47.43061
1/7/2010;33;Nugaal;Garoowe;Garowe;8.4071;48.4827;Mudug;Gaalkacyo;Gaalkacyo;6.76924;47.43061
1/7/2010;25;Gedo;Ceel Waaq;Ceel Waaq;2.78767;40.99829;Gedo;Belet Xaawo;Belet Xaawo;3.78073999999999;41.89431
1/7/2010;24;Gedo;Ceel Waaq;Ceel Waaq;2.78767;40.99829;Gedo;Belet Xaawo;Belet Xaawo;3.78073999999999;41.89431
1/7/2010;21;Gedo;Baardheere;Baardheere;2.33966;42.28502;North Eastern;;;;
1/6/2010;182;Shabelle Dhexe;Jowhar;Jowhar;2.78059999999999;45.50038;Banadir;Kaaraan;Mogadishu/Karaan;2.04133;45.34406
1/6/2010;182;Shabelle Dhexe;Jowhar;Jowhar;2.78059999999999;45.50038;Banadir;Shibis;Mogadishu/Shibis;2.04133;45.34406
1/6/2010;332;Shabelle Dhexe;Jowhar;Jowhar;2.78059999999999;45.50038;Banadir;Yaaqshiid;Mogadishu/Yaaqshiid;2.04133;45.34406
1/6/2010;1006;Shabelle Dhexe;Balcad;Balcad;2.35991;45.38705;Banadir;Kaaraan;Mogadishu/Karaan;2.04133;45.34406
1/6/2010;124;Shabelle Dhexe;Balcad;Hiilweyne;2.28843;45.38806;Banadir;Yaaqshiid;Mogadishu/Yaaqshiid;2.04133;45.34406
1/6/2010;124;Shabelle Dhexe;Balcad;Garas-Bintow;2.22149;45.39701;Banadir;Yaaqshiid;Mogadishu/Yaaqshiid;2.04133;45.34406
1/6/2010;216;Shabelle Hoose;Afgooye;Ceelasha;2.08795;45.20225;Banadir;Dharkenley;Mogadishu/Dharkenley;2.04133;45.34406
1/6/2010;534;Shabelle Hoose;Afgooye;Ceelasha;2.08795;45.20225;Banadir;Dayniile;Mogadishu/Daynile;2.04133;45.34406
1/6/2010;147;Shabelle Hoose;Afgooye;Ceelasha;2.08795;45.20225;Banadir;Dharkenley;Mogadishu/Dharkenley;2.04133;45.34406
1/6/2010;183;Shabelle Hoose;Afgooye;Ceelasha;2.08795;45.20225;Banadir;Dayniile;Mogadishu/Daynile;2.04133;45.34406
1/6/2010;24;Gedo;Baardheere;Baardheere;2.33966;42.28502;Bay;Baydhaba;Baidoa;3.11718;43.6469
1/6/2010;24;Gedo;Baardheere;Baardheere;2.33966;42.28502;Bay;Baydhaba;Baidoa;3.11718;43.6469
1/6/2010;25;Gedo;Baardheere;Baardheere;2.33966;42.28502;Bay;Baydhaba;Baidoa;3.11718;43.6469
1/6/2010;21;Gedo;Ceel Waaq;Ceel Waaq;2.78767;40.99829;Gedo;Belet Xaawo;Belet Xaawo;3.78073999999999;41.89431
1/6/2010;25;Gedo;Ceel Waaq;Ceel Waaq;2.78767;40.99829;Gedo;Belet Xaawo;Belet Xaawo;3.78073999999999;41.89431
1/6/2010;24;Gedo;Ceel Waaq;Ceel Waaq;2.78767;40.99829;Gedo;Belet Xaawo;Belet Xaawo;3.78073999999999;41.89431
1/5/2010;24;Bakool;Ceel Barde;Ceel Barde;4.82706;43.65884;Mudug;Gaalkacyo;Gaalkacyo;6.76924;47.43061
1/5/2010;270;Mudug;Gaalkacyo;Gaalkacyo;6.76924;47.43061;Mudug;Gaalkacyo;Dagaari;6.55228;47.28542
1/5/2010;31;Mudug;Gaalkacyo;Gaalkacyo;6.76924;47.43061;Banadir;Wadajir;Mogadishu/Wadajir;2.04133;45.34406
1/5/2010;24;Mudug;Gaalkacyo;Gaalkacyo;6.76924;47.43061;Banadir;Hodan;Mogadishu/Hodan;2.04133;45.34406
1/5/2010;252;Shabelle Hoose;Afgooye;Ceelasha;2.08795;45.20225;Banadir;Dharkenley;Mogadishu/Dharkenley;2.04133;45.34406
1/5/2010;235;Banadir;Xamar Weyne;Mogadishu/Xamar Weyne;2.04133;45.34406;Banadir;Kaaraan;Mogadishu/Karaan;2.04133;45.34406
1/5/2010;24;Gedo;Baardheere;Baardheere;2.33966;42.28502;Bay;Baydhaba;Baidoa;3.11718;43.6469
1/5/2010;24;Gedo;Baardheere;Baardheere;2.33966;42.28502;Bay;Baydhaba;Baidoa;3.11718;43.6469
1/5/2010;24;Gedo;Baardheere;Baardheere;2.33966;42.28502;Bay;Baydhaba;Baidoa;3.11718;43.6469
1/5/2010;24;Gedo;Baardheere;Baardheere;2.33966;42.28502;Bay;Baydhaba;Baidoa;3.11718;43.6469
1/5/2010;23;Gedo;Ceel Waaq;Ceel Waaq;2.78767;40.99829;Gedo;Belet Xaawo;Belet Xaawo;3.78073999999999;41.89431
1/5/2010;23;Gedo;Ceel Waaq;Ceel Waaq;2.78767;40.99829;Gedo;Belet Xaawo;Belet Xaawo;3.78073999999999;41.89431
1/5/2010;24;Gedo;Ceel Waaq;Ceel Waaq;2.78767;40.99829;Gedo;Belet Xaawo;Belet Xaawo;3.78073999999999;41.89431
1/4/2010;74;Mudug;Gaalkacyo;Gaalkacyo;6.76924;47.43061;Banadir;Banadir;Mogadishu;2.04133;45.34406
1/4/2010;300;Shabelle Dhexe;Balcad;Warshiikh;2.29188;45.79245;Banadir;Yaaqshiid;Mogadishu/Yaaqshiid;2.04133;45.34406
1/4/2010;383;Shabelle Hoose;Afgooye;Ceelasha;2.08795;45.20225;Banadir;Dayniile;Mogadishu/Daynile;2.04133;45.34406
1/4/2010;114;Shabelle Hoose;Afgooye;Ceelasha;2.08795;45.20225;Banadir;Hawl Wadaag;Mogadishu/Hawl Wadaag;2.04133;45.34406
1/4/2010;72;Shabelle Hoose;Afgooye;Ceelasha;2.08795;45.20225;Banadir;Hodan;Mogadishu/Hodan;2.04133;45.34406
1/4/2010;66;Shabelle Hoose;Afgooye;Ceelasha;2.08795;45.20225;Banadir;Hodan;Mogadishu/Hodan;2.04133;45.34406
1/4/2010;327;Banadir;Wadajir;Mogadishu/Wadajir;2.04133;45.34406;Banadir;Yaaqshiid;Mogadishu/Yaaqshiid;2.04133;45.34406
1/4/2010;114;Banadir;Dayniile;Mogadishu/Daynile;2.04133;45.34406;Banadir;Kaaraan;Mogadishu/Karaan;2.04133;45.34406
1/4/2010;108;Banadir;Dayniile;Mogadishu/Daynile;2.04133;45.34406;Banadir;Kaaraan;Mogadishu/Karaan;2.04133;45.34406
1/4/2010;274;Shabelle Hoose;Afgooye;Sagaalaad;2.14223;45.09993;Shabelle Hoose;Afgooye;Siinka Dheer;2.07212;45.22315
1/4/2010;315;Shabelle Hoose;Afgooye;Afgooye;2.14158;45.1187;Shabelle Hoose;Afgooye;Siinka Dheer;2.07212;45.22315
1/3/2010;210;Galgaduud;Cabudwaaq;Cabudwaaq;6.22159;46.37659;Galgaduud;Dhuusamarreeb;Dhuusamarreeb;5.53594;46.38465
1/3/2010;1218;Galgaduud;Cabudwaaq;Bangeele;6.15527;46.43626;Galgaduud;Dhuusamarreeb;Dhuusamarreeb;5.53594;46.38465
1/3/2010;540;Galgaduud;Dhuusamarreeb;Mareer Guur;5.75047;46.51312;Galgaduud;Dhuusamarreeb;Dhuusamarreeb;5.53594;46.38465
1/3/2010;540;Galgaduud;Dhuusamarreeb;Mareer Guur;5.75047;46.51312;Galgaduud;Dhuusamarreeb;Dhuusamarreeb;5.53594;46.38465
1/3/2010;960;Galgaduud;Dhuusamarreeb;Gadoon;5.69135;46.67715;Galgaduud;Dhuusamarreeb;Dhuusamarreeb;5.53594;46.38465
1/3/2010;390;Galgaduud;Dhuusamarreeb;Mirig;5.66243;46.42292;Galgaduud;Dhuusamarreeb;Dhuusamarreeb;5.53594;46.38465
1/3/2010;390;Galgaduud;Dhuusamarreeb;Mirig;5.66243;46.42292;Galgaduud;Dhuusamarreeb;Dhuusamarreeb;5.53594;46.38465
1/3/2010;534;Galgaduud;Dhuusamarreeb;Dhuusamarreeb;5.53594;46.38465;Galgaduud;Dhuusamarreeb;Dhuusamarreeb;5.53594;46.38465
1/3/2010;1566;Galgaduud;Dhuusamarreeb;Dhuusamarreeb;5.53594;46.38465;Galgaduud;Dhuusamarreeb;Dhuusamarreeb;5.53594;46.38465
1/3/2010;708;Galgaduud;Dhuusamarreeb;Dhuusamarreeb;5.53594;46.38465;Galgaduud;Dhuusamarreeb;Dhuusamarreeb;5.53594;46.38465
1/3/2010;1050;Galgaduud;Dhuusamarreeb;Dhuusamarreeb;5.53594;46.38465;Galgaduud;Dhuusamarreeb;Dhuusamarreeb;5.53594;46.38465
1/3/2010;1260;Galgaduud;Dhuusamarreeb;Dhuusamarreeb;5.53594;46.38465;Galgaduud;Dhuusamarreeb;Dhuusamarreeb;5.53594;46.38465
1/3/2010;1091;Galgaduud;Dhuusamarreeb;Dhuusamarreeb;5.53594;46.38465;Galgaduud;Dhuusamarreeb;Dhuusamarreeb;5.53594;46.38465
1/3/2010;918;Galgaduud;Dhuusamarreeb;Dhuusamarreeb;5.53594;46.38465;Galgaduud;Dhuusamarreeb;Dhuusamarreeb;5.53594;46.38465
1/3/2010;1566;Galgaduud;Dhuusamarreeb;Dhuusamarreeb;5.53594;46.38465;Galgaduud;Dhuusamarreeb;Dhuusamarreeb;5.53594;46.38465
1/3/2010;762;Galgaduud;Dhuusamarreeb;Dhuusamarreeb;5.53594;46.38465;Galgaduud;Dhuusamarreeb;Dhuusamarreeb;5.53594;46.38465
1/3/2010;954;Galgaduud;Dhuusamarreeb;Dhuusamarreeb;5.53594;46.38465;Galgaduud;Dhuusamarreeb;Dhuusamarreeb;5.53594;46.38465
1/3/2010;2286;Galgaduud;Dhuusamarreeb;Dhuusamarreeb;5.53594;46.38465;Galgaduud;Dhuusamarreeb;Dhuusamarreeb;5.53594;46.38465
1/3/2010;1218;Galgaduud;Dhuusamarreeb;Dhuusamarreeb;5.53594;46.38465;Galgaduud;Dhuusamarreeb;Dhuusamarreeb;5.53594;46.38465
1/3/2010;1050;Galgaduud;Dhuusamarreeb;Dhuusamarreeb;5.53594;46.38465;Galgaduud;Dhuusamarreeb;Dhuusamarreeb;5.53594;46.38465
1/3/2010;900;Galgaduud;Dhuusamarreeb;Dhuusamarreeb;5.53594;46.38465;Galgaduud;Dhuusamarreeb;Dhuusamarreeb;5.53594;46.38465
1/3/2010;534;Galgaduud;Dhuusamarreeb;Dhuusamarreeb;5.53594;46.38465;Galgaduud;Dhuusamarreeb;Dhuusamarreeb;5.53594;46.38465
1/3/2010;1566;Galgaduud;Dhuusamarreeb;Dhuusamarreeb;5.53594;46.38465;Galgaduud;Dhuusamarreeb;Dhuusamarreeb;5.53594;46.38465
1/3/2010;900;Galgaduud;Dhuusamarreeb;Ceelgaras;4.99009;46.54258;Galgaduud;Dhuusamarreeb;Dhuusamarreeb;5.53594;46.38465
1/3/2010;1470;Galgaduud;Ceel Dheer;Ceel Dheer;3.84909;47.18031;Galgaduud;Dhuusamarreeb;Dhuusamarreeb;5.53594;46.38465
1/3/2010;1470;Galgaduud;Ceel Dheer;Ceel Dheer;3.84909;47.18031;Galgaduud;Dhuusamarreeb;Dhuusamarreeb;5.53594;46.38465
1/3/2010;900;Shabelle Dhexe;Cadale;Lan Dheer;3.36143;46.34819;Galgaduud;Dhuusamarreeb;Dhuusamarreeb;5.53594;46.38465
1/3/2010;78;Shabelle Hoose;Afgooye;Ceelasha;2.08795;45.20225;Banadir;Kaaraan;Mogadishu/Karaan;2.04133;45.34406
1/3/2010;96;Shabelle Hoose;Afgooye;Ceelasha;2.08795;45.20225;Banadir;Shibis;Mogadishu/Shibis;2.04133;45.34406
1/3/2010;126;Shabelle Hoose;Afgooye;Ceelasha;2.08795;45.20225;Banadir;Shibis;Mogadishu/Shibis;2.04133;45.34406
1/3/2010;102;Shabelle Hoose;Afgooye;Ceelasha;2.08795;45.20225;Banadir;Cabdulcasiis;Mogadishu/Cabdulcasiis;2.04133;45.34406
1/3/2010;58;Shabelle Hoose;Afgooye;Siinka Dheer;2.07212;45.22315;Banadir;Dharkenley;Mogadishu/Dharkenley;2.04133;45.34406
1/3/2010;72;Banadir;Wadajir;Mogadishu/Wadajir;2.04133;45.34406;Banadir;Kaaraan;Mogadishu/Karaan;2.04133;45.34406
1/3/2010;58;Mudug;Gaalkacyo;Gaalkacyo;6.76924;47.43061;Shabelle Hoose;Afgooye;Ceelasha;2.08795;45.20225
1/2/2010;43;Nugaal;Garoowe;Garowe;8.4071;48.4827;Mudug;Gaalkacyo;Gaalkacyo;6.76924;47.43061
1/2/2010;76;Mudug;Gaalkacyo;Gaalkacyo;6.76924;47.43061;Banadir;Banadir;Mogadishu;2.04133;45.34406
1/2/2010;203;Banadir;Dharkenley;Mogadishu/Dharkenley;2.04133;45.34406;Banadir;Yaaqshiid;Mogadishu/Yaaqshiid;2.04133;45.34406
1/1/2010;435;Shabelle Hoose;Afgooye;Ceelasha;2.08795;45.20225;Bari;Bossaso;Bossaso;11.27843;49.18063
1/1/2010;389;Shabelle Hoose;Afgooye;Ceelasha;2.08795;45.20225;Bari;Bossaso;Bossaso;11.27843;49.18063
1/1/2010;12;;;Djibouti;11.595;43.142;Banadir;Kaaraan;Mogadishu/Karaan;2.04133;45.34406
1/1/2010;30;Bari;Bossaso;Bossaso;11.27843;49.18063;Banadir;Hawl Wadaag;Mogadishu/Hawl Wadaag;2.04133;45.34406
1/1/2010;52;Mudug;Gaalkacyo;Gaalkacyo;6.76924;47.43061;Banadir;Banadir;Mogadishu;2.04133;45.34406
1/1/2010;286;Shabelle Dhexe;Balcad;Warshiikh;2.29188;45.79245;Banadir;Kaaraan;Mogadishu/Karaan;2.04133;45.34406
1/1/2010;553;Shabelle Hoose;Afgooye;Ceelasha;2.08795;45.20225;Banadir;Dayniile;Mogadishu/Daynile;2.04133;45.34406